nomCommun,nomScientifique,famille,cycleVegetatif,description
Mil,Pennisetum glaucum,Poaceae,100,"Céréale traditionnelle majeure au Sénégal, cultivée principalement pendant la saison des pluies et adaptée aux conditions de sécheresse."
Arachide,Arachis hypogaea,Fabaceae,100,"Culture importante du Sénégal, principalement cultivée en saison des pluies dans les zones du bassin arachidier."
Maïs,Zea mays,Poaceae,100,"Céréale cultivée au Sénégal en saison des pluies et, dans certaines zones, en culture irriguée ou de contre-saison."
Sorgho,Sorghum bicolor,Poaceae,110,Céréale adaptée aux zones relativement sèches et cultivée principalement pendant la saison des pluies.
Niébé,Vigna unguiculata,Fabaceae,80,"Légumineuse alimentaire importante au Sénégal, appréciée pour son cycle court et son adaptation aux conditions sèches."
Riz,Oryza sativa,Poaceae,120,"Culture importante notamment dans la vallée du fleuve Sénégal et en Casamance, avec des systèmes pluviaux et irrigués."
Oignon,Allium cepa,Amaryllidaceae,120,"Culture horticole importante au Sénégal, notamment dans les Niayes et la vallée du fleuve Sénégal."
Tomate,Solanum lycopersicum,Solanaceae,90,Culture horticole produite notamment dans les Niayes et dans les zones irriguées.
Sésame,Sesamum indicum,Pedaliaceae,90,Culture oléagineuse adaptée à plusieurs zones du Sénégal et pouvant être intégrée aux systèmes de culture de saison des pluies.
